https://www.zaubacorp.com/director/THOTHALA-NARAYANASAMY-MANOHARAN/01186248,01186248, THOTHALA NARAYANASAMY MANOHARAN,Director,01 July 2013,2
https://www.zaubacorp.com/director/ANUPAM-PRADIP-PURI/00209113,00209113, ANUPAM PRADIP PURI,Director,18 October 2002,2
https://www.zaubacorp.com/director/ULHAS-NARAYAN-YARGOP/00054530,00054530, ULHAS NARAYAN YARGOP,Nominee Director,01 April 1999,2
https://www.zaubacorp.com/director/RAVINDRA-KRISHNA-KULKARNI/00059367,00059367, RAVINDRA KRISHNA KULKARNI,Director,30 March 2009,2
https://www.zaubacorp.com/director/ANAND-GOPAL-MAHINDRA/00004695,00004695, ANAND GOPAL MAHINDRA,Director,19 September 1995,2
https://www.zaubacorp.com/director/RAJYALAKSHMI-MEKA-RAO/00009420,00009420, RAJYALAKSHMI MEKA RAO,Director,01 July 2013,2
https://www.zaubacorp.com/director/CHANDER-PRAKASH-GURNANI/00018234,00018234, CHANDER PRAKASH GURNANI,Managing Director,10 August 2012,2
https://www.zaubacorp.com/director/PARTHASARATHY-VANKIPURAM-SRINIVASA/00125299,00125299, PARTHASARATHY VANKIPURAM SRINIVASA,Director,10 August 2015,2
https://www.zaubacorp.com/director/MELEVEETIL-DAMODARAN/02106990,02106990, MELEVEETIL DAMODARAN,Director,22 July 2008,2
https://www.zaubacorp.com/director/THOTHALA-NARAYANASAMY-MANOHARAN/01186248,01186248, THOTHALA NARAYANASAMY MANOHARAN,Director,18 July 2012,2
https://www.zaubacorp.com/director/ULHAS-NARAYAN-YARGOP/00054530,00054530, ULHAS NARAYAN YARGOP,Nominee Director,27 May 2009,2
https://www.zaubacorp.com/director/RAVINDRA-KRISHNA-KULKARNI/00059367,00059367, RAVINDRA KRISHNA KULKARNI,Director,18 July 2012,2
https://www.zaubacorp.com/director/RAJYALAKSHMI-MEKA-RAO/00009420,00009420, RAJYALAKSHMI MEKA RAO,Director,28 February 2012,2
https://www.zaubacorp.com/director/CHANDER-PRAKASH-GURNANI/00018234,00018234, CHANDER PRAKASH GURNANI,Nominee Director,27 May 2009,2
https://www.zaubacorp.com/director/VINEET-NAYYAR/00018243,00018243, VINEET NAYYAR,Nominee Director,27 May 2009,2
https://www.zaubacorp.com/director/THOTHALA-NARAYANASAMY-MANOHARAN/01186248,01186248, THOTHALA NARAYANASAMY MANOHARAN,Director,01 July 2013,2
https://www.zaubacorp.com/director/ANUPAM-PRADIP-PURI/00209113,00209113, ANUPAM PRADIP PURI,Director,18 October 2002,2
https://www.zaubacorp.com/director/ULHAS-NARAYAN-YARGOP/00054530,00054530, ULHAS NARAYAN YARGOP,Nominee Director,01 April 1999,2
https://www.zaubacorp.com/director/RAVINDRA-KRISHNA-KULKARNI/00059367,00059367, RAVINDRA KRISHNA KULKARNI,Director,30 March 2009,2
https://www.zaubacorp.com/director/ANAND-GOPAL-MAHINDRA/00004695,00004695, ANAND GOPAL MAHINDRA,Director,19 September 1995,2
https://www.zaubacorp.com/director/RAJYALAKSHMI-MEKA-RAO/00009420,00009420, RAJYALAKSHMI MEKA RAO,Director,01 July 2013,2
https://www.zaubacorp.com/director/CHANDER-PRAKASH-GURNANI/00018234,00018234, CHANDER PRAKASH GURNANI,Managing Director,10 August 2012,2
https://www.zaubacorp.com/director/PARTHASARATHY-VANKIPURAM-SRINIVASA/00125299,00125299, PARTHASARATHY VANKIPURAM SRINIVASA,Director,10 August 2015,2
https://www.zaubacorp.com/director/MELEVEETIL-DAMODARAN/02106990,02106990, MELEVEETIL DAMODARAN,Director,22 July 2008,2
https://www.zaubacorp.com/director/ANUPAM-PRADIP-PURI/00209113,00209113, ANUPAM PRADIP PURI,Director,04 June 2002,2
https://www.zaubacorp.com/director/SRIDAR-ARVAMUDHAN-IYENGAR/00278512,00278512, SRIDAR ARVAMUDHAN IYENGAR,Director,22 August 2011,2
https://www.zaubacorp.com/director/VENKATESWARA-PRASAD-GUNUPATI/00057433,00057433, VENKATESWARA PRASAD GUNUPATI,Managing Director,08 April 1986,2
https://www.zaubacorp.com/director/OMKAR-GOSWAMI/00004258,00004258, OMKAR GOSWAMI,Director,30 October 2000,2
https://www.zaubacorp.com/director/PRASAD-RAGHAVA-MENON/00005078,00005078, PRASAD RAGHAVA MENON,Director,30 October 2017,2
https://www.zaubacorp.com/director/BHARAT-NAROTAM-DOSHI/00012541,00012541, BHARAT NAROTAM DOSHI,Director,11 May 2016,2
https://www.zaubacorp.com/director/SATISH-REDDY-KALLAM/00129701,00129701, SATISH REDDY KALLAM,Wholetime Director,18 January 1993,2
https://www.zaubacorp.com/director/BRUCE-LEONARD-ANDREWS-CARTER/02331774,02331774, BRUCE LEONARD ANDREWS CARTER,Director,21 July 2008,2
https://www.zaubacorp.com/director/LEO-PURI/01764813,01764813, LEO PURI,Additional Director,25 October 2018,2
https://www.zaubacorp.com/director/SHIKHA-SANJAYA-SHARMA/00043265,00043265, SHIKHA SANJAYA SHARMA,Additional Director,31 January 2019,2
https://www.zaubacorp.com/director/KALPANA-JAISINGH-MORPARIA/00046081,00046081, KALPANA JAISINGH MORPARIA,Director,05 June 2007,2
https://www.zaubacorp.com/director/RAJESH-GANESH-JEJURIKAR/00046823,00046823, RAJESH GANESH JEJURIKAR,Director,22 April 2013,2
https://www.zaubacorp.com/director/PAWAN-KUMAR-GOENKA/00254502,00254502, PAWAN KUMAR GOENKA,Director,06 May 2010,2
https://www.zaubacorp.com/director/SUDHIR-GUNVANTRAY-MANKAD/00086077,00086077, SUDHIR GUNVANTRAY MANKAD,Director,31 July 2012,2
https://www.zaubacorp.com/director/NEERA-SAGGI/00501029,00501029, NEERA SAGGI,Director,01 October 2014,2
https://www.zaubacorp.com/director/RAJENDRA-RAMCHANDRA-DESHPANDE/00007439,00007439, RAJENDRA RAMCHANDRA DESHPANDE,Director,22 January 2008,2
https://www.zaubacorp.com/director/VIJAYDIPAK-MUKUNDPRASAD-VARMA/00011352,00011352, VIJAYDIPAK MUKUNDPRASAD VARMA,Director,19 January 2009,2
https://www.zaubacorp.com/director/DILEEP-CHINUBHAI-CHOKSI/00016322,00016322, DILEEP CHINUBHAI CHOKSI,Director,18 June 2014,2
https://www.zaubacorp.com/director/DURGASHANKAR-SUBRAMANIAM/00044713,00044713, DURGASHANKAR SUBRAMANIAM,Director,18 June 2014,2
https://www.zaubacorp.com/director/SUBHASH-MAGO/07797207,07797207, SUBHASH MAGO,Wholetime Director,25 April 2017,2
https://www.zaubacorp.com/director/ASHOK-HIRALAL-SHARMA/02766679,02766679, ASHOK HIRALAL SHARMA,Managing Director,06 December 2010,2
https://www.zaubacorp.com/director/RAMESH-GANESH-IYER/00220759,00220759, RAMESH GANESH IYER,Additional Director,20 March 2019,2
https://www.zaubacorp.com/director/PAWAN-KUMAR-GOENKA/00254502,00254502, PAWAN KUMAR GOENKA,Director,29 March 2016,2
https://www.zaubacorp.com/director/HARDEEP-SINGH/00088096,00088096, HARDEEP SINGH,Director,05 March 2015,2
https://www.zaubacorp.com/director/MANOHAR-GOPAL-BHIDE/00001826,00001826, MANOHAR GOPAL BHIDE,Director,02 November 2000,2
https://www.zaubacorp.com/director/ARUNA-RAJENDRA-BHINGE/07474950,07474950, ARUNA RAJENDRA BHINGE,Director,29 March 2016,2
https://www.zaubacorp.com/director/DURGASHANKAR-SUBRAMANIAM/00044713,00044713, DURGASHANKAR SUBRAMANIAM,Additional Director,30 October 2018,2
https://www.zaubacorp.com/director/PARAG-CHANDULAL-SHAH/00374944,00374944, PARAG CHANDULAL SHAH,Director,02 May 2017,2
https://www.zaubacorp.com/director/RAJAN-WADHERA/00416429,00416429, RAJAN WADHERA,Director,28 April 2017,2
https://www.zaubacorp.com/director/RAHUL-DURGAPRASAD-ASTHANA/00234247,00234247, RAHUL DURGAPRASAD ASTHANA,Director,31 March 2015,2
https://www.zaubacorp.com/director/PAWAN-KUMAR-GOENKA/00254502,00254502, PAWAN KUMAR GOENKA,Director,25 May 2007,2
https://www.zaubacorp.com/director/SMITA-PIYUSH-MANKAD/02009838,02009838, SMITA PIYUSH MANKAD,Director,31 March 2015,2
https://www.zaubacorp.com/director/DURGASHANKAR-SUBRAMANIAM/00044713,00044713, DURGASHANKAR SUBRAMANIAM,Director,27 April 2016,2
https://www.zaubacorp.com/director/VIJAY-KALRA/07217974,07217974, VIJAY KALRA,Wholetime Director,26 July 2017,2
https://www.zaubacorp.com/director/RAJAN-WADHERA/00416429,00416429, RAJAN WADHERA,Director,26 May 2010,2
https://www.zaubacorp.com/director/SONALI-GAJANAN-KULKARNI/00203701,00203701, SONALI GAJANAN KULKARNI,Director,31 March 2015,2
https://www.zaubacorp.com/director/PAWAN-KUMAR-GOENKA/00254502,00254502, PAWAN KUMAR GOENKA,Director,26 May 2010,2
https://www.zaubacorp.com/director/RAVINDRA-DHARIWAL/00003922,00003922, RAVINDRA DHARIWAL,Director,19 April 2017,2
https://www.zaubacorp.com/director/PARTHASARATHY-VANKIPURAM-SRINIVASA/00125299,00125299, PARTHASARATHY VANKIPURAM SRINIVASA,Director,26 May 2010,2
https://www.zaubacorp.com/director/ARVIND-MATHEW/01377003,01377003, ARVIND MATHEW,Director,27 April 2017,2
https://www.zaubacorp.com/director/RUZBEH-BAMAN-IRANI/01831944,01831944, RUZBEH BAMAN IRANI,Director,22 January 2018,2
https://www.zaubacorp.com/director/NIKHIL-RAMAKRISHNA-SOHONI/06852639,06852639, NIKHIL RAMAKRISHNA SOHONI,Director,10 July 2017,2
https://www.zaubacorp.com/director/PUNITA-KUMAR-SINHA/05229262,05229262, PUNITA KUMAR SINHA,Director,30 October 2017,2
https://www.zaubacorp.com/director/NAVEEN-KUMAR-KSHATRIYA/00046813,00046813, NAVEEN KUMAR KSHATRIYA,Director,29 May 2017,2
https://www.zaubacorp.com/director/PAWAN-KUMAR-GOENKA/00254502,00254502, PAWAN KUMAR GOENKA,Director,25 July 2017,2
https://www.zaubacorp.com/director/BOMAN-RUSTOM-IRANI/00057453,00057453, BOMAN RUSTOM IRANI,Additional Director,30 January 2019,2
https://www.zaubacorp.com/director/ANAND-GOPAL-MAHINDRA/00004695,00004695, ANAND GOPAL MAHINDRA,Director,25 July 2017,2
https://www.zaubacorp.com/director/PRAKASH-GOPAL-WAKANKAR/00020462,00020462, PRAKASH GOPAL WAKANKAR,Director,10 July 2017,2
https://www.zaubacorp.com/director/ANUPAM-THAREJA/01091533,01091533, ANUPAM THAREJA,Additional Director,30 January 2019,2
https://www.zaubacorp.com/director/VISHNU-PERSHAD-MATHUR/00978905,00978905, VISHNU PERSHAD MATHUR,Director,07 May 2010,2
https://www.zaubacorp.com/director/SUGATO-SEN/08076983,08076983, SUGATO SEN,Director,10 March 2018,2
https://www.zaubacorp.com/director/RAJESH-GANESH-JEJURIKAR/00046823,00046823, RAJESH GANESH JEJURIKAR,Director,27 January 2016,2
https://www.zaubacorp.com/director/RAMESH-GANESH-IYER/00220759,00220759, RAMESH GANESH IYER,Director,30 August 2004,2
https://www.zaubacorp.com/director/PAWAN-KUMAR-GOENKA/00254502,00254502, PAWAN KUMAR GOENKA,Director,29 April 2006,2
https://www.zaubacorp.com/director/SANGEETA-TALWAR/00062478,00062478, SANGEETA TALWAR,Director,31 March 2015,2
https://www.zaubacorp.com/director/SIVARAM-PADMANABHAN/00066864,00066864, SIVARAM PADMANABHAN,Director,16 June 2008,2
https://www.zaubacorp.com/director/RAJEEV-BIDYANAND-DUBEY/00104817,00104817, RAJEEV BIDYANAND DUBEY,Director,01 December 2004,2
https://www.zaubacorp.com/director/NARENDRA-MAIRPADY/00536905,00536905, NARENDRA MAIRPADY,Director,18 September 2015,2
https://www.zaubacorp.com/director/ANAND-GOPAL-MAHINDRA/00004695,00004695, ANAND GOPAL MAHINDRA,Director,16 June 2000,2
https://www.zaubacorp.com/director/SANJAY-MOHAN-LABROO/00009629,00009629, SANJAY MOHAN LABROO,Director,14 January 2000,2
https://www.zaubacorp.com/director/ANUPAM-THAREJA/01091533,01091533, ANUPAM THAREJA,Director,16 June 2008,2
https://www.zaubacorp.com/director/ROB-HUTING/07976619,07976619, ROB HUTING,Director,30 January 2018,2
https://www.zaubacorp.com/director/ASHUTOSH-SUDHAKAR-PANDEY/08166731,08166731, ASHUTOSH SUDHAKAR PANDEY,Managing Director,16 July 2018,2
https://www.zaubacorp.com/director/CHRISTOPHER-ROBERT-HANSEN/07189662,07189662, CHRISTOPHER ROBERT HANSEN,Director,26 March 2018,2
https://www.zaubacorp.com/director/HEMANT-LUTHRA/00231420,00231420, HEMANT LUTHRA,Director,16 February 2006,2
https://www.zaubacorp.com/director/PAWAN-KUMAR-GOENKA/00254502,00254502, PAWAN KUMAR GOENKA,Director,16 February 2006,2
https://www.zaubacorp.com/director/ULHAS-NARAYAN-YARGOP/00054530,00054530, ULHAS NARAYAN YARGOP,Director,16 February 2006,2
https://www.zaubacorp.com/director/DILIP-HARIBHAU-BONDE/00009340,00009340, DILIP HARIBHAU BONDE,Wholetime Director,01 January 2001,2
https://www.zaubacorp.com/director/MYOOR-KANDHADAI-PADMANABHAN/00009378,00009378, MYOOR KANDHADAI PADMANABHAN,Wholetime Director,01 January 2001,2
https://www.zaubacorp.com/director/PARTHASARATHY-VANKIPURAM-SRINIVASA/00125299,00125299, PARTHASARATHY VANKIPURAM SRINIVASA,Additional Director,29 January 2008,2
https://www.zaubacorp.com/director/HEMANT-LUTHRA/00231420,00231420, HEMANT LUTHRA,Director,10 August 2004,2
https://www.zaubacorp.com/director/PAWAN-KUMAR-GOENKA/00254502,00254502, PAWAN KUMAR GOENKA,Director,30 April 2003,2
https://www.zaubacorp.com/director/ULHAS-NARAYAN-YARGOP/00054530,00054530, ULHAS NARAYAN YARGOP,Director,24 May 1999,2
https://www.zaubacorp.com/director/PARTHASARATHY-VANKIPURAM-SRINIVASA/00125299,00125299, PARTHASARATHY VANKIPURAM SRINIVASA,Director,29 January 2008,2
https://www.zaubacorp.com/director/PAWAN-KUMAR-GOENKA/00254502,00254502, PAWAN KUMAR GOENKA,Director,27 October 2014,2
https://www.zaubacorp.com/director/RAVINDRA-KRISHNA-KULKARNI/00059367,00059367, RAVINDRA KRISHNA KULKARNI,Director,03 November 2014,2
https://www.zaubacorp.com/director/PARTHASARATHY-VANKIPURAM-SRINIVASA/00125299,00125299, PARTHASARATHY VANKIPURAM SRINIVASA,Director,26 September 2014,2
https://www.zaubacorp.com/director/BHARAT-ANAND/02806475,02806475, BHARAT ANAND,Individual Partner,04 March 2010,2
https://www.zaubacorp.com/director/ASHWIN-BISHNOI/06862466,06862466, ASHWIN BISHNOI,Individual Partner,01 April 2016,2
https://www.zaubacorp.com/director/VINEET-SHINGAL/06910365,06910365, VINEET SHINGAL,Individual Partner,31 March 2017,2
https://www.zaubacorp.com/director/ARINDAM-SARKAR/06938957,06938957, ARINDAM SARKAR,Individual Partner,31 March 2017,2
https://www.zaubacorp.com/director/NANDINI-KHAITAN/06941351,06941351, NANDINI KHAITAN,Individual Partner,01 April 2016,2
https://www.zaubacorp.com/director/SUDIP-MULLICK/06942241,06942241, SUDIP MULLICK,Individual Partner,04 March 2010,2
https://www.zaubacorp.com/director/AVAANTIKA-RAJESH-KAKKAR/06966972,06966972, AVAANTIKA RAJESH KAKKAR,Individual Partner,01 April 2013,2
https://www.zaubacorp.com/director/ASHISH-RAZDAN/03584734,03584734, ASHISH RAZDAN,Individual Partner,01 April 2015,2
https://www.zaubacorp.com/director/SANJEEV-KUMAR-KAPOOR/05271667,05271667, SANJEEV KUMAR KAPOOR,Individual Partner,04 March 2010,2
https://www.zaubacorp.com/director/GAHAN-GIRINDRA-KUMAR/06371597,06371597, GAHAN GIRINDRA KUMAR,Individual Partner,31 March 2017,2
https://www.zaubacorp.com/director/RAJAT-MUKHERJEE/03431635,03431635, RAJAT MUKHERJEE,Individual Partner,01 April 2011,2
https://www.zaubacorp.com/director/ARINDAM-GHOSH/00897230,00897230, ARINDAM GHOSH,Individual Partner,01 April 2010,2
https://www.zaubacorp.com/director/OMPRAKASH-JHUNJHUNWALA/00328769,00328769, OMPRAKASH JHUNJHUNWALA,Individual Partner,01 April 2010,2
https://www.zaubacorp.com/director/AAKASH-CHOUBEY/00333303,00333303, AAKASH CHOUBEY,Individual Partner,01 April 2011,2
https://www.zaubacorp.com/director/SIDDHARTH-SHAH/00382660,00382660, SIDDHARTH SHAH,Individual Partner,01 April 2013,2
https://www.zaubacorp.com/director/JHUNJHUNWALA-RABINDRA-NATH/00050729,00050729, JHUNJHUNWALA RABINDRA NATH,Designated Partner,04 March 2010,2
https://www.zaubacorp.com/director/ANIKET-AGARWAL/00054252,00054252, ANIKET AGARWAL,Individual Partner,04 March 2010,2
https://www.zaubacorp.com/director/KULKARNI-RAVINDRA-KRISHNA/00059367,00059367, KULKARNI RAVINDRA KRISHNA,Designated Partner,04 March 2010,2
https://www.zaubacorp.com/director/PURUSHOTTAM-LAL-AGARWAL/00069708,00069708, PURUSHOTTAM LAL AGARWAL,Individual Partner,04 March 2010,2
https://www.zaubacorp.com/director/RAJIV-KHAITAN/00071487,00071487, RAJIV KHAITAN,Individual Partner,04 March 2010,2
https://www.zaubacorp.com/director/SHARADCHANDRA-DAMODAR-ABHYANKAR/00108866,00108866, SHARADCHANDRA DAMODAR ABHYANKAR,Individual Partner,01 January 2012,2
https://www.zaubacorp.com/director/AJAY-BHARGAVA/00550684,00550684, AJAY BHARGAVA,Individual Partner,04 March 2010,2
https://www.zaubacorp.com/director/HAIGREVE-KHAITAN/00005290,00005290, HAIGREVE KHAITAN,Individual Partner,04 March 2010,2
https://www.zaubacorp.com/director/RAM-NIRANJAN-JHUNJHUNWALA/00019975,00019975, RAM NIRANJAN JHUNJHUNWALA,Individual Partner,04 March 2010,2
https://www.zaubacorp.com/director/NAND-GOPAL-KHAITAN/00020588,00020588, NAND GOPAL KHAITAN,Individual Partner,04 March 2010,2
https://www.zaubacorp.com/director/RATNESH-KUMAR-RAI/01141254,01141254, RATNESH KUMAR RAI,Individual Partner,01 April 2016,2
https://www.zaubacorp.com/director/MEHUL-JYOTISHCHANDRA-SHAH/02127656,02127656, MEHUL JYOTISHCHANDRA SHAH,Individual Partner,01 April 2016,2
https://www.zaubacorp.com/director/GUIDO-FORSTBACH/00427508,00427508, GUIDO FORSTBACH,Director,26 October 2012,2
https://www.zaubacorp.com/director/MARTIN-BABILAS/00428631,00428631, MARTIN BABILAS,Director,06 May 2014,2
https://www.zaubacorp.com/director/RAVINDRA-KRISHNA-KULKARNI/00059367,00059367, RAVINDRA KRISHNA KULKARNI,Director,27 September 1990,2
https://www.zaubacorp.com/director/LAXMANA-RANJAL-SHENOY/00074761,00074761, LAXMANA RANJAL SHENOY,Director,28 October 2013,2
https://www.zaubacorp.com/director/SURESH-NARSAPPA-TALWAR/00001456,00001456, SURESH NARSAPPA TALWAR,Director,05 July 2004,2
https://www.zaubacorp.com/director/KISHORI-JAYENDRA-UDESHI/01344073,01344073, KISHORI JAYENDRA UDESHI,Director,06 May 2014,2
https://www.zaubacorp.com/director/STEFAN-GENTEN/07350813,07350813, STEFAN GENTEN,Alternate Director,26 July 2018,2
https://www.zaubacorp.com/director/RAVINDRA-KUMAR/06755402,06755402, RAVINDRA KUMAR,Managing Director,01 January 2014,2
https://www.zaubacorp.com/director/MILIND-MADAN-TALATHI/07321958,07321958, MILIND MADAN TALATHI,Wholetime Director,28 October 2015,2
https://www.zaubacorp.com/director/ARUN-PRAKASH/06414499,06414499, ARUN PRAKASH,Director,23 January 2014,2
https://www.zaubacorp.com/director/RAVINDRA-KRISHNA-KULKARNI/00059367,00059367, RAVINDRA KRISHNA KULKARNI,Director,19 October 2011,2
https://www.zaubacorp.com/director/FAROKH-JAMSHED-GUZDER/00108856,00108856, FAROKH JAMSHED GUZDER,Director,06 July 2012,2
https://www.zaubacorp.com/director/MANGESH-SITARAM-SAWANT/00007197,00007197, MANGESH SITARAM SAWANT,Managing Director,09 July 2010,2
https://www.zaubacorp.com/director/SANJIV-NEMISH-SHAH/00007211,00007211, SANJIV NEMISH SHAH,Director,25 January 2006,2
https://www.zaubacorp.com/director/DHANANJAY-NARENDRA-MUNGALE/00007563,00007563, DHANANJAY NARENDRA MUNGALE,Director,26 August 2000,2
https://www.zaubacorp.com/director/VIJAY-VISHWASRAO-CHOWGULE/00018903,00018903, VIJAY VISHWASRAO CHOWGULE,Director,23 September 1991,2
https://www.zaubacorp.com/director/JAYWANT-YESHWANTRAO-CHOWGULE/00019008,00019008, JAYWANT YESHWANTRAO CHOWGULE,Director,22 October 2005,2
https://www.zaubacorp.com/director/ROHINI-VISHWASRAO-CHOWGULE/00019057,00019057, ROHINI VISHWASRAO CHOWGULE,Director,22 January 2009,2
https://www.zaubacorp.com/director/NATHAN-RAMESH-CHOWGULE/00029130,00029130, NATHAN RAMESH CHOWGULE,Director,25 January 2006,2
https://www.zaubacorp.com/director/THOTHALA-NARAYANASAMY-MANOHARAN/01186248,01186248, THOTHALA NARAYANASAMY MANOHARAN,Director,01 July 2013,2
https://www.zaubacorp.com/director/ANUPAM-PRADIP-PURI/00209113,00209113, ANUPAM PRADIP PURI,Director,18 October 2002,2
https://www.zaubacorp.com/director/ULHAS-NARAYAN-YARGOP/00054530,00054530, ULHAS NARAYAN YARGOP,Nominee Director,01 April 1999,2
https://www.zaubacorp.com/director/RAVINDRA-KRISHNA-KULKARNI/00059367,00059367, RAVINDRA KRISHNA KULKARNI,Director,30 March 2009,2
https://www.zaubacorp.com/director/ANAND-GOPAL-MAHINDRA/00004695,00004695, ANAND GOPAL MAHINDRA,Director,19 September 1995,2
https://www.zaubacorp.com/director/RAJYALAKSHMI-MEKA-RAO/00009420,00009420, RAJYALAKSHMI MEKA RAO,Director,01 July 2013,2
https://www.zaubacorp.com/director/CHANDER-PRAKASH-GURNANI/00018234,00018234, CHANDER PRAKASH GURNANI,Managing Director,10 August 2012,2
https://www.zaubacorp.com/director/PARTHASARATHY-VANKIPURAM-SRINIVASA/00125299,00125299, PARTHASARATHY VANKIPURAM SRINIVASA,Director,10 August 2015,2
https://www.zaubacorp.com/director/MELEVEETIL-DAMODARAN/02106990,02106990, MELEVEETIL DAMODARAN,Director,22 July 2008,2
https://www.zaubacorp.com/director/THOTHALA-NARAYANASAMY-MANOHARAN/01186248,01186248, THOTHALA NARAYANASAMY MANOHARAN,Director,18 July 2012,2
https://www.zaubacorp.com/director/ULHAS-NARAYAN-YARGOP/00054530,00054530, ULHAS NARAYAN YARGOP,Nominee Director,27 May 2009,2
https://www.zaubacorp.com/director/RAVINDRA-KRISHNA-KULKARNI/00059367,00059367, RAVINDRA KRISHNA KULKARNI,Director,18 July 2012,2
https://www.zaubacorp.com/director/RAJYALAKSHMI-MEKA-RAO/00009420,00009420, RAJYALAKSHMI MEKA RAO,Director,28 February 2012,2
https://www.zaubacorp.com/director/CHANDER-PRAKASH-GURNANI/00018234,00018234, CHANDER PRAKASH GURNANI,Nominee Director,27 May 2009,2
https://www.zaubacorp.com/director/VINEET-NAYYAR/00018243,00018243, VINEET NAYYAR,Nominee Director,27 May 2009,2
https://www.zaubacorp.com/director/PRASHANT-BABULAL-PANDAY/02747925,02747925, PRASHANT BABULAL PANDAY,Managing Director,01 July 2010,2
https://www.zaubacorp.com/director/RICHARD-BLAISE-SEBASTIAN-SALDANHA/00189029,00189029, RICHARD BLAISE SEBASTIAN SALDANHA,Director,23 November 2010,2
https://www.zaubacorp.com/director/RAVINDRA-KRISHNA-KULKARNI/00059367,00059367, RAVINDRA KRISHNA KULKARNI,Director,19 January 2007,2
https://www.zaubacorp.com/director/VINEET-JAIN/00003962,00003962, VINEET JAIN,Director,19 January 2007,2
https://www.zaubacorp.com/director/NARAYANAN-KUMAR/00007848,00007848, NARAYANAN KUMAR,Director,05 November 2005,2
https://www.zaubacorp.com/director/SUBRAMANIAN-NARAYANAN/03083775,03083775, SUBRAMANIAN NARAYANAN,Additional Director,02 November 2018,2
https://www.zaubacorp.com/director/SUKANYA-KRIPALU-ANAND/06994202,06994202, SUKANYA KRIPALU ANAND,Director,23 May 2018,2
https://www.zaubacorp.com/director/RAVINDRA-KRISHNA-KULKARNI/00059367,00059367, RAVINDRA KRISHNA KULKARNI,Director,26 July 2010,2
https://www.zaubacorp.com/director/PADMA-CHOWGULE/00006969,00006969, PADMA CHOWGULE,Director,07 May 2015,2
https://www.zaubacorp.com/director/MANGESH-SITARAM-SAWANT/00007197,00007197, MANGESH SITARAM SAWANT,Director,30 September 2008,2
https://www.zaubacorp.com/director/DHANANJAY-NARENDRA-MUNGALE/00007563,00007563, DHANANJAY NARENDRA MUNGALE,Director,26 July 2010,2
https://www.zaubacorp.com/director/VIJAY-VISHWASRAO-CHOWGULE/00018903,00018903, VIJAY VISHWASRAO CHOWGULE,Director,26 July 2010,2
https://www.zaubacorp.com/director/ARJUN-ASHOK-CHOWGULE/00033528,00033528, ARJUN ASHOK CHOWGULE,Director,07 May 2015,2
https://www.zaubacorp.com/director/NIKHIL-RAMAKRISHNA-SOHONI/06852639,06852639, NIKHIL RAMAKRISHNA SOHONI,Director,27 July 2016,2
https://www.zaubacorp.com/director/CHANDRASEKAR-KANDASAMY/01084215,01084215, CHANDRASEKAR KANDASAMY,Director,27 July 2016,2
https://www.zaubacorp.com/director/RAVINDRA-KRISHNA-KULKARNI/00059367,00059367, RAVINDRA KRISHNA KULKARNI,Additional Director,22 February 2019,2
https://www.zaubacorp.com/director/PAWAN-KUMAR-GOENKA/00254502,00254502, PAWAN KUMAR GOENKA,Director,27 October 2014,2
https://www.zaubacorp.com/director/RAVINDRA-KRISHNA-KULKARNI/00059367,00059367, RAVINDRA KRISHNA KULKARNI,Director,03 November 2014,2
https://www.zaubacorp.com/director/PARTHASARATHY-VANKIPURAM-SRINIVASA/00125299,00125299, PARTHASARATHY VANKIPURAM SRINIVASA,Director,26 September 2014,2
https://www.zaubacorp.com/director/RABINDRA-NATH-JHUNJHUNWALA/00050729,00050729, RABINDRA NATH JHUNJHUNWALA,Director,26 August 2009,2
https://www.zaubacorp.com/director/RAVINDRA-KRISHNA-KULKARNI/00059367,00059367, RAVINDRA KRISHNA KULKARNI,Director,02 May 2012,2
https://www.zaubacorp.com/director/RAJIV-KHAITAN/00071487,00071487, RAJIV KHAITAN,Director,30 April 2001,2
https://www.zaubacorp.com/director/SUMIT-BHALOTIA/01605713,01605713, SUMIT BHALOTIA,Additional Director,05 March 2018,2
https://www.zaubacorp.com/director/TRIVIKRAM-KHAITAN/00043428,00043428, TRIVIKRAM KHAITAN,Director,09 March 2015,2
https://www.zaubacorp.com/director/PADAM-KUMAR-KHAITAN/00019700,00019700, PADAM KUMAR KHAITAN,Director,17 May 2006,2
https://www.zaubacorp.com/director/RAVINDRA-KRISHNA-KULKARNI/00059367,00059367, RAVINDRA KRISHNA KULKARNI,Director,10 July 2009,2
https://www.zaubacorp.com/director/RAGHUNANDAN-SINGH-SAWHNEY/01360740,01360740, RAGHUNANDAN SINGH SAWHNEY,Director,09 March 2004,2
https://www.zaubacorp.com/director/AVINASH-DEWAN-NARULA/00612641,00612641, AVINASH DEWAN NARULA,Director,15 August 1997,2
https://www.zaubacorp.com/director/KARUNAKAR-GOVIND-SHETTY/00612663,00612663, KARUNAKAR GOVIND SHETTY,Director,01 April 1994,2
https://www.zaubacorp.com/director/BHUPENDRA-SOMALAL-SHAH/00186769,00186769, BHUPENDRA SOMALAL SHAH,Director,10 July 2009,2
https://www.zaubacorp.com/director/ADI-BARJORJI-GODREJ/00065964,00065964, ADI BARJORJI GODREJ,Designated Partner,02 June 2010,2
https://www.zaubacorp.com/director/NADIR-BURJOR-GODREJ/00066195,00066195, NADIR BURJOR GODREJ,Designated Partner,02 June 2010,2
https://www.zaubacorp.com/director/ADI-BARJORJI-GODREJ/00065964,00065964, ADI BARJORJI GODREJ,Designated Partner,02 June 2010,2
https://www.zaubacorp.com/director/NADIR-BURJOR-GODREJ/00066195,00066195, NADIR BURJOR GODREJ,Designated Partner,02 June 2010,2
https://www.zaubacorp.com/director/PIROJSHA-ADI-GODREJ/00432983,00432983, PIROJSHA ADI GODREJ,Designated Partner,12 March 2014,2
https://www.zaubacorp.com/director/RISHAD-KAIKHUSHRU-NAOROJI/00065906,00065906, RISHAD KAIKHUSHRU NAOROJI,Individual Partner,12 March 2014,2
https://www.zaubacorp.com/director/NADIR-BURJOR-GODREJ/00066195,00066195, NADIR BURJOR GODREJ,Individual Partner,12 March 2014,2
https://www.zaubacorp.com/director/SMITA-GODREJ-CRISHNA/00074230,00074230, SMITA GODREJ CRISHNA,Individual Partner,12 March 2014,2
https://www.zaubacorp.com/director/NISABA-ADI-GODREJ/00591503,00591503, NISABA ADI GODREJ,Individual Partner,12 March 2014,2
https://www.zaubacorp.com/director/TANYA-ARVIND-DUBASH/00026028,00026028, TANYA ARVIND DUBASH,Designated Partner,12 March 2014,2
https://www.zaubacorp.com/director/NYRIKA-HOLKAR/07040425,07040425, NYRIKA HOLKAR,Individual Partner,12 March 2014,2
https://www.zaubacorp.com/director/NAVROZE-JAMSHYD-GODREJ/03049821,03049821, NAVROZE JAMSHYD GODREJ,Individual Partner,12 March 2014,2
https://www.zaubacorp.com/director/ROOPA-PURUSHOTHAMAN/02846868,02846868, ROOPA PURUSHOTHAMAN,Director,18 July 2017,2
https://www.zaubacorp.com/director/RITU-NIRAJ-ANAND/00363699,00363699, RITU NIRAJ ANAND,Director,18 July 2017,2
https://www.zaubacorp.com/director/ADITI-KOTHARI-DESAI/00426799,00426799, ADITI KOTHARI DESAI,Director,18 July 2017,2
https://www.zaubacorp.com/director/PIROJSHA-ADI-GODREJ/00432983,00432983, PIROJSHA ADI GODREJ,Additional Director,05 November 2018,2
https://www.zaubacorp.com/director/KAVAS-NOSHIRWAN-PETIGARA/00066162,00066162, KAVAS NOSHIRWAN PETIGARA,Director,24 August 1992,2
https://www.zaubacorp.com/director/NADIR-BURJOR-GODREJ/00066195,00066195, NADIR BURJOR GODREJ,Director,25 November 1991,2
https://www.zaubacorp.com/director/VIJAY-MOHAN-CRISHNA/00066267,00066267, VIJAY MOHAN CRISHNA,Director,24 August 1992,2
https://www.zaubacorp.com/director/RAGHUNATH-ANANT-MASHELKAR/00074119,00074119, RAGHUNATH ANANT MASHELKAR,Director,18 July 2017,2
https://www.zaubacorp.com/director/JAMSHYD-NAOROJI-GODREJ/00076250,00076250, JAMSHYD NAOROJI GODREJ,Director,24 August 1992,2
https://www.zaubacorp.com/director/AMIT-BIREN-CHOUDHURY/00557547,00557547, AMIT BIREN CHOUDHURY,Director,08 December 2004,2
https://www.zaubacorp.com/director/NISABA-ADI-GODREJ/00591503,00591503, NISABA ADI GODREJ,Director,24 July 2006,2
https://www.zaubacorp.com/director/TANYA-ARVIND-DUBASH/00026028,00026028, TANYA ARVIND DUBASH,Director,10 April 2003,2
https://www.zaubacorp.com/director/NATARAJAN-SRINIVASAN/00123338,00123338, NATARAJAN SRINIVASAN,Additional Director,04 February 2019,2
https://www.zaubacorp.com/director/BALRAM-SINGH-YADAV/00294803,00294803, BALRAM SINGH YADAV,Managing Director,01 September 2007,2
https://www.zaubacorp.com/director/RASHMI-SATISH-JOSHI/06641898,06641898, RASHMI SATISH JOSHI,Additional Director,15 March 2019,2
https://www.zaubacorp.com/director/NITIN-SUDHAKAR-NABAR/06521655,06521655, NITIN SUDHAKAR NABAR,Wholetime Director,01 May 2013,2
https://www.zaubacorp.com/director/KERSI-KAIKHUSHRU-DASTUR/00050199,00050199, KERSI KAIKHUSHRU DASTUR,Director,01 May 2002,2
https://www.zaubacorp.com/director/ADI-BARJORJI-GODREJ/00065964,00065964, ADI BARJORJI GODREJ,Director,07 March 1988,2
https://www.zaubacorp.com/director/KAVAS-NOSHIRWAN-PETIGARA/00066162,00066162, KAVAS NOSHIRWAN PETIGARA,Director,30 January 2002,2
https://www.zaubacorp.com/director/NADIR-BURJOR-GODREJ/00066195,00066195, NADIR BURJOR GODREJ,Managing Director,07 March 1988,2
https://www.zaubacorp.com/director/VIJAY-MOHAN-CRISHNA/00066267,00066267, VIJAY MOHAN CRISHNA,Director,03 January 1995,2
https://www.zaubacorp.com/director/JAMSHYD-NAOROJI-GODREJ/00076250,00076250, JAMSHYD NAOROJI GODREJ,Director,07 March 1988,2
https://www.zaubacorp.com/director/AMIT-BIREN-CHOUDHURY/00557547,00557547, AMIT BIREN CHOUDHURY,Director,04 August 2009,2
https://www.zaubacorp.com/director/KEKI-MANCHERSHA-ELAVIA/00003940,00003940, KEKI MANCHERSHA ELAVIA,Director,28 May 2013,2
https://www.zaubacorp.com/director/TANYA-ARVIND-DUBASH/00026028,00026028, TANYA ARVIND DUBASH,Wholetime Director,01 August 1996,2
https://www.zaubacorp.com/director/ASPY-DADY-COOPER/00026134,00026134, ASPY DADY COOPER,Director,28 October 2015,2
https://www.zaubacorp.com/director/SALEEM-ANVAAR-AHMADULLAH/00037137,00037137, SALEEM ANVAAR AHMADULLAH,Director,03 January 1995,2
https://www.zaubacorp.com/director/VIVEK-GAMBHIR/06527810,06527810, VIVEK GAMBHIR,Managing Director,30 April 2013,2
https://www.zaubacorp.com/director/PIROJSHA-ADI-GODREJ/00432983,00432983, PIROJSHA ADI GODREJ,Director,01 April 2017,2
https://www.zaubacorp.com/director/ADI-BARJORJI-GODREJ/00065964,00065964, ADI BARJORJI GODREJ,Wholetime Director,01 April 2010,2
https://www.zaubacorp.com/director/NADIR-BURJOR-GODREJ/00066195,00066195, NADIR BURJOR GODREJ,Director,29 November 2000,2
https://www.zaubacorp.com/director/JAMSHYD-NAOROJI-GODREJ/00076250,00076250, JAMSHYD NAOROJI GODREJ,Director,01 March 2001,2
https://www.zaubacorp.com/director/NISABA-ADI-GODREJ/00591503,00591503, NISABA ADI GODREJ,Wholetime Director,02 May 2011,2
https://www.zaubacorp.com/director/OMKAR-GOSWAMI/00004258,00004258, OMKAR GOSWAMI,Director,18 June 2008,2
https://www.zaubacorp.com/director/AMAN-MEHTA/00009364,00009364, AMAN MEHTA,Director,26 April 2006,2
https://www.zaubacorp.com/director/BHARAT-NAROTAM-DOSHI/00012541,00012541, BHARAT NAROTAM DOSHI,Director,01 April 2001,2
https://www.zaubacorp.com/director/TANYA-ARVIND-DUBASH/00026028,00026028, TANYA ARVIND DUBASH,Director,02 May 2011,2
https://www.zaubacorp.com/director/NDIDI-OKONKWO-NWUNELI/07738574,07738574, NDIDI OKONKWO NWUNELI,Director,01 April 2017,2
https://www.zaubacorp.com/director/PIPPA-FAMETTA-TUBMAN-AMERDING/08054033,08054033, PIPPA FAMETTA TUBMAN AMERDING,Director,30 January 2018,2
https://www.zaubacorp.com/director/IREENA-VITTAL/05195656,05195656, IREENA VITTAL,Director,30 April 2013,2
https://www.zaubacorp.com/director/NARENDRA-KUMAR-ANAND-AMBWANI/00236658,00236658, NARENDRA KUMAR ANAND AMBWANI,Director,02 May 2011,2
https://www.zaubacorp.com/director/PIROJSHA-ADI-GODREJ/00432983,00432983, PIROJSHA ADI GODREJ,Wholetime Director,25 October 2008,2
https://www.zaubacorp.com/director/PRANAY-DHANSUKHLAL-VAKIL/00433379,00433379, PRANAY DHANSUKHLAL VAKIL,Director,16 January 2008,2
https://www.zaubacorp.com/director/KEKI-BOMI-DADISETH/00052165,00052165, KEKI BOMI DADISETH,Director,16 January 2008,2
https://www.zaubacorp.com/director/NADIR-BURJOR-GODREJ/00066195,00066195, NADIR BURJOR GODREJ,Director,25 April 1990,2
https://www.zaubacorp.com/director/JAMSHYD-NAOROJI-GODREJ/00076250,00076250, JAMSHYD NAOROJI GODREJ,Director,25 April 1990,2
https://www.zaubacorp.com/director/AMITAVA-MUKHERJEE/00003285,00003285, AMITAVA MUKHERJEE,Director,17 May 2010,2
https://www.zaubacorp.com/director/LALITA-DILEEP-GUPTE/00043559,00043559, LALITA DILEEP GUPTE,Director,16 January 2008,2
https://www.zaubacorp.com/director/MOHIT-MALHOTRA/07074531,07074531, MOHIT MALHOTRA,Managing Director,01 April 2015,2
https://www.zaubacorp.com/director/GAUTAM-BANERJEE/03031655,03031655, GAUTAM BANERJEE,Director,10 September 2014,2
https://www.zaubacorp.com/director/MEHERNOSH-SORAB-KAPADIA/00050530,00050530, MEHERNOSH SORAB KAPADIA,Additional Director,10 August 2011,2
https://www.zaubacorp.com/director/VENU-SRINIVASAN/00051523,00051523, VENU SRINIVASAN,Additional Director,10 August 2018,2
https://www.zaubacorp.com/director/NADIR-BURJOR-GODREJ/00066195,00066195, NADIR BURJOR GODREJ,Director,07 November 2008,2
https://www.zaubacorp.com/director/DEEPAK-SHANTILAL-PAREKH/00009078,00009078, DEEPAK SHANTILAL PAREKH,Director,09 May 2000,2
https://www.zaubacorp.com/director/CHANDRASEKARAN-NATARAJAN/00121863,00121863, CHANDRASEKARAN NATARAJAN,Director,27 January 2017,2
https://www.zaubacorp.com/director/VIBHA-PAUL-RISHI/05180796,05180796, VIBHA PAUL RISHI,Director,10 September 2014,2
https://www.zaubacorp.com/director/PUNEET-CHHATWAL/07624616,07624616, PUNEET CHHATWAL,Managing Director,06 November 2017,2
https://www.zaubacorp.com/director/IREENA-VITTAL/05195656,05195656, IREENA VITTAL,Director,07 August 2013,2
https://www.zaubacorp.com/director/BRAHMA-NAND-VYAS/02796071,02796071, BRAHMA NAND VYAS,Director,29 January 2016,2
https://www.zaubacorp.com/director/LEENA-RAJAN-RAJE/06961551,06961551, LEENA RAJAN RAJE,Director,23 September 2014,2
https://www.zaubacorp.com/director/VINOD-CHINTAMANI-MALSHE/00642540,00642540, VINOD CHINTAMANI MALSHE,Director,28 March 2008,2
https://www.zaubacorp.com/director/ASHOK-VISHWANATH-HIREMATH/00349345,00349345, ASHOK VISHWANATH HIREMATH,Managing Director,25 January 1994,2
https://www.zaubacorp.com/director/NADIR-BURJOR-GODREJ/00066195,00066195, NADIR BURJOR GODREJ,Director,12 October 2015,2
https://www.zaubacorp.com/director/BALRAM-SINGH-YADAV/00294803,00294803, BALRAM SINGH YADAV,Director,12 October 2015,2
https://www.zaubacorp.com/director/SITENDU-KRISHNAKUMAR-SHARMA/01956423,01956423, SITENDU KRISHNAKUMAR SHARMA,Director,27 September 2007,2
https://www.zaubacorp.com/director/VIJAY-KASHINATH-KHOT/03520249,03520249, VIJAY KASHINATH KHOT,Director,29 January 2016,2
https://www.zaubacorp.com/director/RAKESH-DOGRA/07334098,07334098, RAKESH DOGRA,Director,06 November 2015,2
https://www.zaubacorp.com/director/ARIJIT-MUKHERJEE/07334111,07334111, ARIJIT MUKHERJEE,Wholetime Director,06 November 2015,2
https://www.zaubacorp.com/director/VARADARAJ-SUBRAMANIAN/00323436,00323436, VARADARAJ SUBRAMANIAN,Director,08 May 2008,2
https://www.zaubacorp.com/director/NADIR-BURJOR-GODREJ/00066195,00066195, NADIR BURJOR GODREJ,Director,08 May 2008,2
https://www.zaubacorp.com/director/GOVINDAN-RAMAKRISHNA-RISHINARADAMANGALAM/02148801,02148801, GOVINDAN RAMAKRISHNA RISHINARADAMANGALAM,Wholetime Director,08 May 2008,2
https://www.zaubacorp.com/director/BALRAM-SINGH-YADAV/00294803,00294803, BALRAM SINGH YADAV,Director,31 August 2007,2
https://www.zaubacorp.com/director/VARADARAJ-SUBRAMANIAN/00323436,00323436, VARADARAJ SUBRAMANIAN,Director,15 May 2018,2
https://www.zaubacorp.com/director/MALIK-SADIQ/02938431,02938431, MALIK SADIQ,Director,30 October 2017,2
https://www.zaubacorp.com/director/NADIR-BURJOR-GODREJ/00066195,00066195, NADIR BURJOR GODREJ,Director,24 June 2008,2
https://www.zaubacorp.com/director/ELS-RAYNAERS/00516837,00516837, ELS RAYNAERS,Director,20 March 2015,2
https://www.zaubacorp.com/director/SANJAY-VASUDEV-GOGATE/01543847,01543847, SANJAY VASUDEV GOGATE,Director,20 March 2015,2
https://www.zaubacorp.com/director/BALRAM-SINGH-YADAV/00294803,00294803, BALRAM SINGH YADAV,Managing Director,11 January 2008,2
https://www.zaubacorp.com/director/NOEL-WESLEY-WHITE/08055807,08055807, NOEL WESLEY WHITE,Director,31 January 2018,2
https://www.zaubacorp.com/director/NADIR-BURJOR-GODREJ/00066195,00066195, NADIR BURJOR GODREJ,Director,08 May 2008,2
https://www.zaubacorp.com/director/GOVINDAN-RAMAKRISHNA-RISHINARADAMANGALAM/02148801,02148801, GOVINDAN RAMAKRISHNA RISHINARADAMANGALAM,Director,08 May 2008,2
https://www.zaubacorp.com/director/BALRAM-SINGH-YADAV/00294803,00294803, BALRAM SINGH YADAV,Director,01 March 2008,2
https://www.zaubacorp.com/director/VARADARAJ-SUBRAMANIAN/00323436,00323436, VARADARAJ SUBRAMANIAN,Director,20 March 2009,2
https://www.zaubacorp.com/director/CHANDRA-SEKHAR-REDDY-DEVIREDDY/00063691,00063691, CHANDRA SEKHAR REDDY DEVIREDDY,Wholetime Director,01 September 2009,2
https://www.zaubacorp.com/director/BALRAJ-GOUD-CHINTHALA/00063719,00063719, BALRAJ GOUD CHINTHALA,Wholetime Director,01 September 2009,2
https://www.zaubacorp.com/director/KAVAS-NOSHIRWAN-PETIGARA/00066162,00066162, KAVAS NOSHIRWAN PETIGARA,Director,18 July 2017,2
https://www.zaubacorp.com/director/NADIR-BURJOR-GODREJ/00066195,00066195, NADIR BURJOR GODREJ,Director,07 January 2016,2
https://www.zaubacorp.com/director/BHASKER-REDDY-KONDAPALLY/00014291,00014291, BHASKER REDDY KONDAPALLY,Managing Director,01 September 2009,2
https://www.zaubacorp.com/director/GANGADHAR-MANDAVA/00014325,00014325, GANGADHAR MANDAVA,Wholetime Director,01 September 2009,2
https://www.zaubacorp.com/director/BALRAM-SINGH-YADAV/00294803,00294803, BALRAM SINGH YADAV,Director,23 September 2007,2
https://www.zaubacorp.com/director/JUDE-JULIUSJOHN-FERNANDES/07482333,07482333, JUDE JULIUSJOHN FERNANDES,Director,11 April 2016,2
https://www.zaubacorp.com/director/RAJ-KANWAR-SINGH/08028931,08028931, RAJ KANWAR SINGH,Wholetime Director,29 January 2018,2
https://www.zaubacorp.com/director/SUREKHA-REVALLI/03051372,03051372, SUREKHA REVALLI,Director,29 September 2014,2
https://www.zaubacorp.com/director/ROOPA-PURUSHOTHAMAN/02846868,02846868, ROOPA PURUSHOTHAMAN,Director,18 July 2017,2
https://www.zaubacorp.com/director/RITU-NIRAJ-ANAND/00363699,00363699, RITU NIRAJ ANAND,Director,18 July 2017,2
https://www.zaubacorp.com/director/ADITI-KOTHARI-DESAI/00426799,00426799, ADITI KOTHARI DESAI,Director,18 July 2017,2
https://www.zaubacorp.com/director/PIROJSHA-ADI-GODREJ/00432983,00432983, PIROJSHA ADI GODREJ,Additional Director,05 November 2018,2
https://www.zaubacorp.com/director/KAVAS-NOSHIRWAN-PETIGARA/00066162,00066162, KAVAS NOSHIRWAN PETIGARA,Director,24 August 1992,2
https://www.zaubacorp.com/director/NADIR-BURJOR-GODREJ/00066195,00066195, NADIR BURJOR GODREJ,Director,25 November 1991,2
https://www.zaubacorp.com/director/VIJAY-MOHAN-CRISHNA/00066267,00066267, VIJAY MOHAN CRISHNA,Director,24 August 1992,2
https://www.zaubacorp.com/director/RAGHUNATH-ANANT-MASHELKAR/00074119,00074119, RAGHUNATH ANANT MASHELKAR,Director,18 July 2017,2
https://www.zaubacorp.com/director/JAMSHYD-NAOROJI-GODREJ/00076250,00076250, JAMSHYD NAOROJI GODREJ,Director,24 August 1992,2
https://www.zaubacorp.com/director/AMIT-BIREN-CHOUDHURY/00557547,00557547, AMIT BIREN CHOUDHURY,Director,08 December 2004,2
https://www.zaubacorp.com/director/NISABA-ADI-GODREJ/00591503,00591503, NISABA ADI GODREJ,Director,24 July 2006,2
https://www.zaubacorp.com/director/TANYA-ARVIND-DUBASH/00026028,00026028, TANYA ARVIND DUBASH,Director,10 April 2003,2
https://www.zaubacorp.com/director/NATARAJAN-SRINIVASAN/00123338,00123338, NATARAJAN SRINIVASAN,Additional Director,04 February 2019,2
https://www.zaubacorp.com/director/BALRAM-SINGH-YADAV/00294803,00294803, BALRAM SINGH YADAV,Managing Director,01 September 2007,2
https://www.zaubacorp.com/director/MAHENDRAN-ARUMUGHAM/00242423,00242423, MAHENDRAN ARUMUGHAM,Managing Director,08 August 1994,2
https://www.zaubacorp.com/director/ADI-BARJORJI-GODREJ/00065964,00065964, ADI BARJORJI GODREJ,Director,08 August 1994,2
https://www.zaubacorp.com/director/NADIR-BURJOR-GODREJ/00066195,00066195, NADIR BURJOR GODREJ,Director,08 August 1994,2
https://www.zaubacorp.com/director/JAMSHYD-NAOROJI-GODREJ/00076250,00076250, JAMSHYD NAOROJI GODREJ,Director,08 August 1994,2
https://www.zaubacorp.com/director/NISABA-ADI-GODREJ/00591503,00591503, NISABA ADI GODREJ,Director,28 May 2010,2
https://www.zaubacorp.com/director/BHARAT-NAROTAM-DOSHI/00012541,00012541, BHARAT NAROTAM DOSHI,Director,28 May 2010,2
https://www.zaubacorp.com/director/TANYA-ARVIND-DUBASH/00026028,00026028, TANYA ARVIND DUBASH,Director,28 May 2010,2
https://www.zaubacorp.com/director/ADI-BARJORJI-GODREJ/00065964,00065964, ADI BARJORJI GODREJ,Director,30 April 1973,2
https://www.zaubacorp.com/director/KAVAS-NOSHIRWAN-PETIGARA/00066162,00066162, KAVAS NOSHIRWAN PETIGARA,Director,29 September 1988,2
https://www.zaubacorp.com/director/NADIR-BURJOR-GODREJ/00066195,00066195, NADIR BURJOR GODREJ,Director,27 September 1990,2
https://www.zaubacorp.com/director/PRADIP-PANALAL-SHAH/00066242,00066242, PRADIP PANALAL SHAH,Director,10 August 2004,2
https://www.zaubacorp.com/director/VIJAY-MOHAN-CRISHNA/00066267,00066267, VIJAY MOHAN CRISHNA,Wholetime Director,01 April 2011,2
https://www.zaubacorp.com/director/JAMSHYD-NAOROJI-GODREJ/00076250,00076250, JAMSHYD NAOROJI GODREJ,Managing Director,01 April 2011,2
https://www.zaubacorp.com/director/KEKI-MANCHERSHA-ELAVIA/00003940,00003940, KEKI MANCHERSHA ELAVIA,Director,01 May 2012,2
https://www.zaubacorp.com/director/ANITA-RAMACHANDRAN/00118188,00118188, ANITA RAMACHANDRAN,Director,10 September 2007,2
https://www.zaubacorp.com/director/ANIL-GYANCHANDRA-VERMA/02366334,02366334, ANIL GYANCHANDRA VERMA,Wholetime Director,01 April 2011,2
https://www.zaubacorp.com/director/NYRIKA-HOLKAR/07040425,07040425, NYRIKA HOLKAR,Wholetime Director,01 April 2017,2
https://www.zaubacorp.com/director/NAVROZE-JAMSHYD-GODREJ/03049821,03049821, NAVROZE JAMSHYD GODREJ,Director,06 November 2017,2
https://www.zaubacorp.com/director/NADIR-BURJOR-GODREJ/00066195,00066195, NADIR BURJOR GODREJ,Director,16 November 2006,2
https://www.zaubacorp.com/director/MARK-KAHN/02514632,02514632, MARK KAHN,Director,19 February 2009,2
https://www.zaubacorp.com/director/BALRAM-SINGH-YADAV/00294803,00294803, BALRAM SINGH YADAV,Director,25 September 2007,2
https://www.zaubacorp.com/director/NIBHRANT-DARSHAN-SHAH/02752112,02752112, NIBHRANT DARSHAN SHAH,Director,14 May 2014,2
https://www.zaubacorp.com/director/NADIR-BURJOR-GODREJ/00066195,00066195, NADIR BURJOR GODREJ,Director,07 September 1992,2
https://www.zaubacorp.com/director/DARSHAN-RAMNIK-SHAH/00102264,00102264, DARSHAN RAMNIK SHAH,Managing Director,21 February 1992,2
https://www.zaubacorp.com/director/DHIMAAN-DARSHAN-SHAH/03300667,03300667, DHIMAAN DARSHAN SHAH,Director,14 May 2014,2
https://www.zaubacorp.com/director/ROHAN-LAMBA/07430656,07430656, ROHAN LAMBA,Director,01 April 2017,2
https://www.zaubacorp.com/director/ANAND-GOPAL-MAHINDRA/00004695,00004695, ANAND GOPAL MAHINDRA,Designated Partner,08 March 2016,2
https://www.zaubacorp.com/director/ANURADHA-MAHINDRA/00705093,00705093, ANURADHA MAHINDRA,Designated Partner,08 March 2016,2
https://www.zaubacorp.com/director/THOTHALA-NARAYANASAMY-MANOHARAN/01186248,01186248, THOTHALA NARAYANASAMY MANOHARAN,Director,01 July 2013,2
https://www.zaubacorp.com/director/ANUPAM-PRADIP-PURI/00209113,00209113, ANUPAM PRADIP PURI,Director,18 October 2002,2
https://www.zaubacorp.com/director/ULHAS-NARAYAN-YARGOP/00054530,00054530, ULHAS NARAYAN YARGOP,Nominee Director,01 April 1999,2
https://www.zaubacorp.com/director/RAVINDRA-KRISHNA-KULKARNI/00059367,00059367, RAVINDRA KRISHNA KULKARNI,Director,30 March 2009,2
https://www.zaubacorp.com/director/ANAND-GOPAL-MAHINDRA/00004695,00004695, ANAND GOPAL MAHINDRA,Director,19 September 1995,2
https://www.zaubacorp.com/director/RAJYALAKSHMI-MEKA-RAO/00009420,00009420, RAJYALAKSHMI MEKA RAO,Director,01 July 2013,2
https://www.zaubacorp.com/director/CHANDER-PRAKASH-GURNANI/00018234,00018234, CHANDER PRAKASH GURNANI,Managing Director,10 August 2012,2
https://www.zaubacorp.com/director/PARTHASARATHY-VANKIPURAM-SRINIVASA/00125299,00125299, PARTHASARATHY VANKIPURAM SRINIVASA,Director,10 August 2015,2
https://www.zaubacorp.com/director/MELEVEETIL-DAMODARAN/02106990,02106990, MELEVEETIL DAMODARAN,Director,22 July 2008,2
https://www.zaubacorp.com/director/MUKESH-GUPTA/06638754,06638754, MUKESH GUPTA,Nominee Director,25 July 2013,2
https://www.zaubacorp.com/director/HEMANT-LUTHRA/00231420,00231420, HEMANT LUTHRA,Director,30 July 2002,2
https://www.zaubacorp.com/director/HARSH-KUMAR/00082621,00082621, HARSH KUMAR,Director,23 January 2009,2
https://www.zaubacorp.com/director/RAMAKRISHNAN-RAJAGOPALAN/00097716,00097716, RAMAKRISHNAN RAJAGOPALAN,Director,21 April 2005,2
https://www.zaubacorp.com/director/SANJIV-KAPOOR/00004005,00004005, SANJIV KAPOOR,Director,28 July 2009,2
https://www.zaubacorp.com/director/ANAND-GOPAL-MAHINDRA/00004695,00004695, ANAND GOPAL MAHINDRA,Director,30 October 1986,2
https://www.zaubacorp.com/director/DALJIT-LILARAM-MIRCHANDANI/00022951,00022951, DALJIT LILARAM MIRCHANDANI,Director,27 October 2010,2
https://www.zaubacorp.com/director/UDAY-GUPTA/03514282,03514282, UDAY GUPTA,Managing Director,05 May 2011,2
https://www.zaubacorp.com/director/NIKHILESH-NATWARLAL-PANCHAL/00041080,00041080, NIKHILESH NATWARLAL PANCHAL,Director,18 January 2011,2
https://www.zaubacorp.com/director/MANOJKUMAR-MADANGOPAL-MAHESHWARI/00012341,00012341, MANOJKUMAR MADANGOPAL MAHESHWARI,Director,23 October 2008,2
https://www.zaubacorp.com/director/ANAND-GOPAL-MAHINDRA/00004695,00004695, ANAND GOPAL MAHINDRA,Director,10 August 2009,2
https://www.zaubacorp.com/director/RAJENDRA-PRASAD-MAGANTI/00029960,00029960, RAJENDRA PRASAD MAGANTI,Director,10 August 2009,2
https://www.zaubacorp.com/director/SATISH-REDDY-KALLAM/00129701,00129701, SATISH REDDY KALLAM,Director,04 September 2013,2
https://www.zaubacorp.com/director/MANOJ-KUMAR/02642859,02642859, MANOJ KUMAR,Director,13 December 2010,2
https://www.zaubacorp.com/director/SENAPATHY-GOPALAKRISHNAN/00041656,00041656, SENAPATHY GOPALAKRISHNAN,Director,03 March 2015,2
https://www.zaubacorp.com/director/ANAND-GOPAL-MAHINDRA/00004695,00004695, ANAND GOPAL MAHINDRA,Director,10 August 2009,2
https://www.zaubacorp.com/director/RAJENDRA-PRASAD-MAGANTI/00029960,00029960, RAJENDRA PRASAD MAGANTI,Director,10 August 2009,2
https://www.zaubacorp.com/director/SATISH-REDDY-KALLAM/00129701,00129701, SATISH REDDY KALLAM,Director,04 September 2013,2
https://www.zaubacorp.com/director/MANOJ-KUMAR/02642859,02642859, MANOJ KUMAR,Director,13 December 2010,2
https://www.zaubacorp.com/director/SENAPATHY-GOPALAKRISHNAN/00041656,00041656, SENAPATHY GOPALAKRISHNAN,Director,03 March 2015,2
https://www.zaubacorp.com/director/NIKHIL-RAMAKRISHNA-SOHONI/06852639,06852639, NIKHIL RAMAKRISHNA SOHONI,Director,10 July 2017,2
https://www.zaubacorp.com/director/PUNITA-KUMAR-SINHA/05229262,05229262, PUNITA KUMAR SINHA,Director,30 October 2017,2
https://www.zaubacorp.com/director/NAVEEN-KUMAR-KSHATRIYA/00046813,00046813, NAVEEN KUMAR KSHATRIYA,Director,29 May 2017,2
https://www.zaubacorp.com/director/PAWAN-KUMAR-GOENKA/00254502,00254502, PAWAN KUMAR GOENKA,Director,25 July 2017,2
https://www.zaubacorp.com/director/BOMAN-RUSTOM-IRANI/00057453,00057453, BOMAN RUSTOM IRANI,Additional Director,30 January 2019,2
https://www.zaubacorp.com/director/ANAND-GOPAL-MAHINDRA/00004695,00004695, ANAND GOPAL MAHINDRA,Director,25 July 2017,2
https://www.zaubacorp.com/director/PRAKASH-GOPAL-WAKANKAR/00020462,00020462, PRAKASH GOPAL WAKANKAR,Director,10 July 2017,2
https://www.zaubacorp.com/director/ANUPAM-THAREJA/01091533,01091533, ANUPAM THAREJA,Additional Director,30 January 2019,2
https://www.zaubacorp.com/director/RAJESH-GANESH-JEJURIKAR/00046823,00046823, RAJESH GANESH JEJURIKAR,Director,27 January 2016,2
https://www.zaubacorp.com/director/RAMESH-GANESH-IYER/00220759,00220759, RAMESH GANESH IYER,Director,30 August 2004,2
https://www.zaubacorp.com/director/PAWAN-KUMAR-GOENKA/00254502,00254502, PAWAN KUMAR GOENKA,Director,29 April 2006,2
https://www.zaubacorp.com/director/SANGEETA-TALWAR/00062478,00062478, SANGEETA TALWAR,Director,31 March 2015,2
https://www.zaubacorp.com/director/SIVARAM-PADMANABHAN/00066864,00066864, SIVARAM PADMANABHAN,Director,16 June 2008,2
https://www.zaubacorp.com/director/RAJEEV-BIDYANAND-DUBEY/00104817,00104817, RAJEEV BIDYANAND DUBEY,Director,01 December 2004,2
https://www.zaubacorp.com/director/NARENDRA-MAIRPADY/00536905,00536905, NARENDRA MAIRPADY,Director,18 September 2015,2
https://www.zaubacorp.com/director/ANAND-GOPAL-MAHINDRA/00004695,00004695, ANAND GOPAL MAHINDRA,Director,16 June 2000,2
https://www.zaubacorp.com/director/SANJAY-MOHAN-LABROO/00009629,00009629, SANJAY MOHAN LABROO,Director,14 January 2000,2
https://www.zaubacorp.com/director/ANUPAM-THAREJA/01091533,01091533, ANUPAM THAREJA,Director,16 June 2008,2
https://www.zaubacorp.com/director/ROB-HUTING/07976619,07976619, ROB HUTING,Director,30 January 2018,2
https://www.zaubacorp.com/director/ASHUTOSH-SUDHAKAR-PANDEY/08166731,08166731, ASHUTOSH SUDHAKAR PANDEY,Managing Director,16 July 2018,2
https://www.zaubacorp.com/director/CHRISTOPHER-ROBERT-HANSEN/07189662,07189662, CHRISTOPHER ROBERT HANSEN,Director,26 March 2018,2
https://www.zaubacorp.com/director/KESHUB-MAHINDRA/00004489,00004489, KESHUB MAHINDRA,Director,30 April 2010,2
https://www.zaubacorp.com/director/ANAND-GOPAL-MAHINDRA/00004695,00004695, ANAND GOPAL MAHINDRA,Director,30 April 2010,2
https://www.zaubacorp.com/director/KESHUB-MAHINDRA/00004489,00004489, KESHUB MAHINDRA,Director,03 March 1995,2
https://www.zaubacorp.com/director/ANAND-GOPAL-MAHINDRA/00004695,00004695, ANAND GOPAL MAHINDRA,Director,03 March 1995,2
https://www.zaubacorp.com/director/ARUN-KUMAR-NANDA/00010029,00010029, ARUN KUMAR NANDA,Director,26 March 1992,2
https://www.zaubacorp.com/director/BHARAT-NAROTAM-DOSHI/00012541,00012541, BHARAT NAROTAM DOSHI,Director,03 March 1995,2
https://www.zaubacorp.com/director/MARIO-ANTHONY-NAZARETH/00013337,00013337, MARIO ANTHONY NAZARETH,Director,26 July 2005,2
https://www.zaubacorp.com/director/UDAY-YESHWANT-PHADKE/00030191,00030191, UDAY YESHWANT PHADKE,Director,24 March 1999,2
https://www.zaubacorp.com/director/CHANDRASEKAR-KANDASAMY/01084215,01084215, CHANDRASEKAR KANDASAMY,Director,07 November 2012,2
https://www.zaubacorp.com/director/KESHUB-MAHINDRA/00004489,00004489, KESHUB MAHINDRA,Director,02 November 2007,2
https://www.zaubacorp.com/director/ANAND-GOPAL-MAHINDRA/00004695,00004695, ANAND GOPAL MAHINDRA,Director,02 November 2007,2
https://www.zaubacorp.com/director/HAIGREVE-KHAITAN/00005290,00005290, HAIGREVE KHAITAN,Director,18 February 2015,2
https://www.zaubacorp.com/director/ARUN-KUMAR-NANDA/00010029,00010029, ARUN KUMAR NANDA,Director,02 November 2007,2
https://www.zaubacorp.com/director/BHARAT-NAROTAM-DOSHI/00012541,00012541, BHARAT NAROTAM DOSHI,Director,02 November 2007,2
https://www.zaubacorp.com/director/MARIO-ANTHONY-NAZARETH/00013337,00013337, MARIO ANTHONY NAZARETH,Director,22 April 2008,2
https://www.zaubacorp.com/director/DURGASHANKAR-SUBRAMANIAM/00044713,00044713, DURGASHANKAR SUBRAMANIAM,Additional Director,01 March 2019,2
https://www.zaubacorp.com/director/PALLAVI-KANCHAN/07545615,07545615, PALLAVI KANCHAN,Director,17 June 2016,2
https://www.zaubacorp.com/director/KESHUB-MAHINDRA/00004489,00004489, KESHUB MAHINDRA,Director,30 April 2010,2
https://www.zaubacorp.com/director/ANAND-GOPAL-MAHINDRA/00004695,00004695, ANAND GOPAL MAHINDRA,Director,30 April 2010,2
https://www.zaubacorp.com/director/RAKESH-MOHAN/02790744,02790744, RAKESH MOHAN,Director,18 February 2011,2
https://www.zaubacorp.com/director/GAURAV-SURINDERLAL-CHOPRA/00480821,00480821, GAURAV SURINDERLAL CHOPRA,Director,22 July 1993,2
https://www.zaubacorp.com/director/ULHAS-NARAYAN-YARGOP/00054530,00054530, ULHAS NARAYAN YARGOP,Director,16 February 2009,2
https://www.zaubacorp.com/director/KESHUB-MAHINDRA/00004489,00004489, KESHUB MAHINDRA,Director,19 February 1996,2
https://www.zaubacorp.com/director/ANAND-GOPAL-MAHINDRA/00004695,00004695, ANAND GOPAL MAHINDRA,Director,22 July 1993,2
https://www.zaubacorp.com/director/UDAY-SURESH-KOTAK/00007467,00007467, UDAY SURESH KOTAK,Director,22 July 1993,2
https://www.zaubacorp.com/director/BHARAT-NAROTAM-DOSHI/00012541,00012541, BHARAT NAROTAM DOSHI,Director,19 February 1996,2
https://www.zaubacorp.com/director/VINEET-NAYYAR/00018243,00018243, VINEET NAYYAR,Director,17 January 2007,2
